<?xml version="1.0"?>
<Object>
  <RandomLimits>
    <ScaleAllMin>0.8</ScaleAllMin>
    <ScaleAllMax>1.2</ScaleAllMax>
    <Rotation x="5" y="180" z="5" />
    <PlantableDepth>3.046174E-05</PlantableDepth>
  </RandomLimits>
  <Collisions>False</Collisions>
  <LODIn>0</LODIn>
  <LODOut>400</LODOut>
  <SeparationGroup>Grass</SeparationGroup>
  <SeparationMinDistance>1</SeparationMinDistance>
  <PolyLists>
    <PolyList>
      <Material Path="Objects\Grass\RacedayGrass" />
      <Vertices>
        <Positions><![CDATA[6.991831E-08 0.2886469 0.2384347 3.391567E-08 0.2886469 -0.2384347 9.256767E-08 -0.01135307 0.2384347 5.656504E-08 -0.01135307 -0.2384347 ]]></Positions>
        <Normals><![CDATA[0 1 0 0 1 0 0 1 0 0 1 0 ]]></Normals>
        <UV0><![CDATA[0.4595904 -0.4470803 0.03442569 -0.4470807 0.4595904 -0.2899711 0.03442553 -0.2899711 ]]></UV0>
      </Vertices>
      <FaceIndices IsAntiClockwise="True"><![CDATA[0 1 2 2 1 3 0 2 1 2 3 1 ]]></FaceIndices>
    </PolyList>
  </PolyLists>
  <CutPolys />
</Object>