<?xml version="1.0"?>
<CrossSection Name="" Path="British Grasslands\CrossSections\Road\Gravel" ForRoad="True">
  <SurfaceShape RoadLeft="4" RoadRight="12" Points="17">
    <Point Reduce="True" Selected="False" Grounded="0.75">
      <Position x="-7" y="0.02" z="0" />
      <Randomness x="0" y="0.2" z="0" />
    </Point>
    <Point Reduce="True" Selected="False" Grounded="0.35">
      <Position x="-5.5" y="0.02" z="0" />
      <Randomness x="0" y="0.1" z="0" />
    </Point>
    <Point Selected="False">
      <Position x="-4" y="-0.2" z="0" />
      <Randomness x="0" y="0.05" z="0" />
    </Point>
    <Point Selected="False">
      <Position x="-3.25" y="-0.2" z="0" />
      <Randomness x="0" y="0.1" z="0" />
    </Point>
    <Point Selected="False">
      <Position x="-2.5" y="0.1" z="0" />
      <Randomness x="0" y="0.03" z="0" />
    </Point>
    <Point Selected="False">
      <Position x="-1.875" y="0" z="0" />
      <Randomness x="0" y="0.03" z="0" />
    </Point>
    <Point Selected="False">
      <Position x="-1.25" y="0.04" z="0" />
      <Randomness x="0" y="0.02" z="0" />
    </Point>
    <Point Selected="False">
      <Position x="-0.6125" y="0.07" z="0" />
      <Randomness x="0" y="0.02" z="0" />
    </Point>
    <Point Selected="False">
      <Position x="0" y="0.15" z="0" />
      <Randomness x="0" y="0.02" z="0" />
    </Point>
    <Point Selected="False">
      <Position x="0.6125" y="0.07" z="0" />
      <Randomness x="0" y="0.02" z="0" />
    </Point>
    <Point Selected="False">
      <Position x="1.25" y="0.04" z="0" />
      <Randomness x="0" y="0.02" z="0" />
    </Point>
    <Point Selected="False">
      <Position x="1.875" y="0" z="0" />
      <Randomness x="0" y="0.03" z="0" />
    </Point>
    <Point Selected="False">
      <Position x="2.5" y="0.1" z="0" />
      <Randomness x="0" y="0.03" z="0" />
    </Point>
    <Point Selected="False">
      <Position x="3.25" y="-0.2" z="0" />
      <Randomness x="0" y="0.1" z="0" />
    </Point>
    <Point Selected="False">
      <Position x="4" y="-0.2" z="0" />
      <Randomness x="0" y="0.05" z="0" />
    </Point>
    <Point Reduce="True" Selected="False" Grounded="0.35">
      <Position x="5.5" y="0.06" z="0" />
      <Randomness x="0" y="0.1" z="0" />
    </Point>
    <Point Reduce="True" Selected="False" Grounded="0.75">
      <Position x="7" y="0.02" z="0" />
      <Randomness x="0" y="0.2" z="0" />
    </Point>
  </SurfaceShape>
  <SurfaceMaterials>
    <SurfaceMaterial UseTerrainAsMaterial="True">
      <StartPoint>0</StartPoint>
      <EndPoint>2</EndPoint>
      <texture_coordinate>
        <Angle>0</Angle>
        <scale x="1" y="1" />
        <offset x="0" y="0" />
      </texture_coordinate>
    </SurfaceMaterial>
    <SurfaceMaterial MaterialPath="Road\Gravel">
      <PerMeterCoverage>9</PerMeterCoverage>
      <ApplicationType>PerMeter</ApplicationType>
      <BlendFunction>Left</BlendFunction>
      <StartPoint>2</StartPoint>
      <EndPoint>4</EndPoint>
      <texture_coordinate>
        <Angle>0</Angle>
        <scale x="4.266667" y="1" />
        <offset x="-0.125" y="0" />
      </texture_coordinate>
    </SurfaceMaterial>
    <SurfaceMaterial MaterialPath="Road\Gravel">
      <PerMeterCoverage>9</PerMeterCoverage>
      <ApplicationType>PerMeter</ApplicationType>
      <StartPoint>4</StartPoint>
      <EndPoint>12</EndPoint>
      <texture_coordinate>
        <Angle>0</Angle>
        <scale x="1.28" y="1" />
        <offset x="0.109375" y="0" />
      </texture_coordinate>
    </SurfaceMaterial>
    <SurfaceMaterial MaterialPath="Road\Gravel">
      <PerMeterCoverage>9</PerMeterCoverage>
      <ApplicationType>PerMeter</ApplicationType>
      <BlendFunction>Right</BlendFunction>
      <StartPoint>12</StartPoint>
      <EndPoint>14</EndPoint>
      <texture_coordinate>
        <Angle>0</Angle>
        <scale x="4.266667" y="1" />
        <offset x="0.890625" y="0" />
      </texture_coordinate>
    </SurfaceMaterial>
    <SurfaceMaterial UseTerrainAsMaterial="True">
      <StartPoint>14</StartPoint>
      <EndPoint>16</EndPoint>
      <texture_coordinate>
        <Angle>0</Angle>
        <scale x="1" y="1" />
        <offset x="0" y="0" />
      </texture_coordinate>
    </SurfaceMaterial>
  </SurfaceMaterials>
</CrossSection>