<?xml version="1.0"?>
<CrossSection Name="" Path="Yorkshire Dales\CrossSections\Road\TarmacDarkSmoothAC" ForRoad="True" RollStrength="0.2" PanelLength="1">
  <SurfaceShape RoadLeft="4" RoadRight="16" Points="21">
    <Point Reduce="True" Selected="False" Grounded="0.75">
      <Position x="-7" y="0.02" z="0" />
    </Point>
    <Point Reduce="True" Selected="False" Grounded="0.35">
      <Position x="-5.5" y="0.02" z="0" />
    </Point>
    <Point Selected="False">
      <Position x="-3.995208" y="-0.02747787" z="0" />
    </Point>
    <Point Selected="False">
      <Position x="-3.245208" y="-0.02747787" z="0" />
    </Point>
    <Point Selected="False">
      <Position x="-2.49401" y="0.04608684" z="0" />
    </Point>
    <Point Selected="False">
      <Position x="-2.000797" y="0.005990352" z="0" />
    </Point>
    <Point Selected="False">
      <Position x="-1.547429" y="0.01325401" z="0" />
    </Point>
    <Point Selected="False">
      <Position x="-1.142174" y="0.04599035" z="0" />
    </Point>
    <Point Selected="False">
      <Position x="-0.7950411" y="0.04679998" z="0" />
    </Point>
    <Point Selected="False">
      <Position x="-0.4244029" y="0.08078263" z="0" />
    </Point>
    <Point Selected="False">
      <Position x="0" y="0.1260386" z="0" />
    </Point>
    <Point Selected="False">
      <Position x="0.4543547" y="0.07958456" z="0" />
    </Point>
    <Point Selected="False">
      <Position x="0.9493492" y="0.04679998" z="0" />
    </Point>
    <Point Selected="False">
      <Position x="1.25" y="0.04" z="0" />
    </Point>
    <Point Selected="False">
      <Position x="1.577138" y="0.03242314" z="0" />
    </Point>
    <Point Selected="False">
      <Position x="1.985222" y="0.01437684" z="0" />
    </Point>
    <Point Selected="False">
      <Position x="2.50599" y="0.04608684" z="0" />
    </Point>
    <Point Selected="False">
      <Position x="3.254792" y="-0.02747787" z="0" />
    </Point>
    <Point Selected="False">
      <Position x="4.004792" y="-0.02747787" z="0" />
    </Point>
    <Point Reduce="True" Selected="False" Grounded="0.35">
      <Position x="5.5" y="0.06" z="0" />
    </Point>
    <Point Reduce="True" Selected="False" Grounded="0.75">
      <Position x="7" y="0.02" z="0" />
    </Point>
  </SurfaceShape>
  <SurfaceMaterials>
    <SurfaceMaterial UseTerrainAsMaterial="True">
      <StartPoint>0</StartPoint>
      <EndPoint>2</EndPoint>
      <texture_coordinate>
        <Angle>0</Angle>
        <scale x="1" y="1" />
        <offset x="0" y="0" />
      </texture_coordinate>
    </SurfaceMaterial>
    <SurfaceMaterial MaterialPath="Road\GrassEdgeAC">
      <PerMeterCoverage>9</PerMeterCoverage>
      <ApplicationType>PerMeter</ApplicationType>
      <BlendFunction>Left</BlendFunction>
      <StartPoint>2</StartPoint>
      <EndPoint>4</EndPoint>
      <texture_coordinate>
        <Angle>0</Angle>
        <scale x="1" y="1" />
        <offset x="0" y="0" />
      </texture_coordinate>
    </SurfaceMaterial>
    <SurfaceMaterial MaterialPath="Road\TarmacDarkSmoothAC">
      <PerMeterCoverage>9</PerMeterCoverage>
      <ApplicationType>PerMeter</ApplicationType>
      <StartPoint>4</StartPoint>
      <EndPoint>16</EndPoint>
      <texture_coordinate>
        <Angle>0</Angle>
        <scale x="1" y="1" />
        <offset x="0" y="0" />
      </texture_coordinate>
    </SurfaceMaterial>
    <SurfaceMaterial MaterialPath="Road\GrassEdgeAC">
      <PerMeterCoverage>9</PerMeterCoverage>
      <ApplicationType>PerMeter</ApplicationType>
      <BlendFunction>Right</BlendFunction>
      <StartPoint>16</StartPoint>
      <EndPoint>18</EndPoint>
      <texture_coordinate>
        <Angle>-180</Angle>
        <scale x="1" y="1" />
        <offset x="0" y="0" />
      </texture_coordinate>
    </SurfaceMaterial>
    <SurfaceMaterial UseTerrainAsMaterial="True">
      <StartPoint>18</StartPoint>
      <EndPoint>20</EndPoint>
      <texture_coordinate>
        <Angle>0</Angle>
        <scale x="1" y="1" />
        <offset x="0" y="0" />
      </texture_coordinate>
    </SurfaceMaterial>
  </SurfaceMaterials>
</CrossSection>