<?xml version="1.0"?>
<CrossSection Name="" Path="Yorkshire Dales\CrossSections\Road\TarmacLightCrackedAC" ForRoad="True" RollStrength="0.2" PanelLength="1">
  <SurfaceShape RoadLeft="4" RoadRight="16" Points="21">
    <Point Reduce="True" Selected="False" Grounded="0.75">
      <Position x="-7" y="0.02" z="0" />
      <Randomness x="0" y="0.01" z="0" />
    </Point>
    <Point Reduce="True" Selected="False" Grounded="0.35">
      <Position x="-5.5" y="0.02" z="0" />
      <Randomness x="0" y="0.01" z="0" />
    </Point>
    <Point Selected="False">
      <Position x="-3.995208" y="-0.02747787" z="0" />
      <Randomness x="0" y="0.01" z="0" />
    </Point>
    <Point Selected="False">
      <Position x="-3.245208" y="-0.02747787" z="0" />
      <Randomness x="0" y="0.01" z="0" />
    </Point>
    <Point Selected="False">
      <Position x="-2.49401" y="0.04608684" z="0" />
      <Randomness x="0" y="0.01" z="0" />
    </Point>
    <Point Selected="False">
      <Position x="-2.108998" y="-0.009359924" z="0" />
      <Randomness x="0" y="0.01" z="0" />
    </Point>
    <Point Selected="False">
      <Position x="-1.660802" y="-0.003673408" z="0" />
      <Randomness x="0" y="0.01" z="0" />
    </Point>
    <Point Selected="False">
      <Position x="-1.25" y="0.04" z="0" />
      <Randomness x="0" y="0.01" z="0" />
    </Point>
    <Point Selected="True">
      <Position x="-0.8932877" y="0.03376629" z="0" />
      <Randomness x="0" y="0.01" z="0" />
    </Point>
    <Point Selected="False">
      <Position x="-0.4440214" y="0.07935993" z="0" />
      <Randomness x="0" y="0.01" z="0" />
    </Point>
    <Point Selected="False">
      <Position x="0" y="0.15" z="0" />
      <Randomness x="0" y="0.01" z="0" />
    </Point>
    <Point Selected="False">
      <Position x="0.4440214" y="0.09807977" z="0" />
      <Randomness x="0" y="0.01" z="0" />
    </Point>
    <Point Selected="False">
      <Position x="0.866378" y="0.05248614" z="0" />
      <Randomness x="0" y="0.01" z="0" />
    </Point>
    <Point Selected="False">
      <Position x="1.25" y="0.04" z="0" />
      <Randomness x="0" y="0.01" z="0" />
    </Point>
    <Point Selected="False">
      <Position x="1.680691" y="0.005686516" z="0" />
      <Randomness x="0" y="0.01" z="0" />
    </Point>
    <Point Selected="False">
      <Position x="2.127718" y="0.01871985" z="0" />
      <Randomness x="0" y="0.01" z="0" />
    </Point>
    <Point Selected="False">
      <Position x="2.50599" y="0.04608684" z="0" />
      <Randomness x="0" y="0.01" z="0" />
    </Point>
    <Point Selected="False">
      <Position x="3.254792" y="-0.02747787" z="0" />
      <Randomness x="0" y="0.01" z="0" />
    </Point>
    <Point Selected="False">
      <Position x="4.004792" y="-0.02747787" z="0" />
      <Randomness x="0" y="0.01" z="0" />
      <Randomness x="0" y="0.01" z="0" />
    </Point>
    <Point Reduce="True" Selected="False" Grounded="0.35">
      <Position x="5.5" y="0.06" z="0" />
      <Randomness x="0" y="0.01" z="0" />
    </Point>
    <Point Reduce="True" Selected="False" Grounded="0.75">
      <Position x="7" y="0.02" z="0" />
      <Randomness x="0" y="0.01" z="0" />
    </Point>
  </SurfaceShape>
  <SurfaceMaterials>
    <SurfaceMaterial UseTerrainAsMaterial="True">
      <StartPoint>0</StartPoint>
      <EndPoint>2</EndPoint>
      <texture_coordinate>
        <Angle>0</Angle>
        <scale x="1" y="1" />
        <offset x="0" y="0" />
      </texture_coordinate>
    </SurfaceMaterial>
    <SurfaceMaterial MaterialPath="Road\GrassEdgeAC">
      <PerMeterCoverage>9</PerMeterCoverage>
      <ApplicationType>PerMeter</ApplicationType>
      <BlendFunction>Left</BlendFunction>
      <StartPoint>2</StartPoint>
      <EndPoint>4</EndPoint>
      <texture_coordinate>
        <Angle>0</Angle>
        <scale x="1" y="1" />
        <offset x="0" y="0" />
      </texture_coordinate>
    </SurfaceMaterial>
    <SurfaceMaterial MaterialPath="Road\TarmacLightCrackedAC">
      <PerMeterCoverage>9</PerMeterCoverage>
      <ApplicationType>PerMeter</ApplicationType>
      <StartPoint>4</StartPoint>
      <EndPoint>16</EndPoint>
      <texture_coordinate>
        <Angle>0</Angle>
        <scale x="1" y="1" />
        <offset x="0" y="0" />
      </texture_coordinate>
    </SurfaceMaterial>
    <SurfaceMaterial MaterialPath="Road\GrassEdgeAC">
      <PerMeterCoverage>9</PerMeterCoverage>
      <ApplicationType>PerMeter</ApplicationType>
      <BlendFunction>Right</BlendFunction>
      <StartPoint>16</StartPoint>
      <EndPoint>18</EndPoint>
      <texture_coordinate>
        <Angle>-180</Angle>
        <scale x="1" y="1" />
        <offset x="0" y="0" />
      </texture_coordinate>
    </SurfaceMaterial>
    <SurfaceMaterial UseTerrainAsMaterial="True">
      <StartPoint>18</StartPoint>
      <EndPoint>20</EndPoint>
      <texture_coordinate>
        <Angle>0</Angle>
        <scale x="1" y="1" />
        <offset x="0" y="0" />
      </texture_coordinate>
    </SurfaceMaterial>
  </SurfaceMaterials>
</CrossSection>