<?xml version="1.0"?>
<SObject>
  <SObjectType>Wall</SObjectType>
  <LODIn>0</LODIn>
  <LODOut>1000</LODOut>
  <Start>
    <Pieces>
      <Piece>
        <Object>Wall\Rock\RockWall01\End</Object>
        <GroundedType>Vertices</GroundedType>
        <CurveWithLine>True</CurveWithLine>
        <Scale x="1" y="1" z="1" />
        <Rotation x="0" y="3.141593" z="0" />
      </Piece>
    </Pieces>
  </Start>
  <Pattern>
    <Pieces>
      <Piece CanStretch="True">
        <Object>Wall\Rock\RockWall01\Side</Object>
        <GroundedType>Vertices</GroundedType>
        <CurveWithLine>True</CurveWithLine>
        <Scale x="1" y="1" z="1" />
      </Piece>
    </Pieces>
  </Pattern>
  <End>
    <Pieces>
      <Piece>
        <Object>Wall\Rock\RockWall01\End</Object>
        <GroundedType>Vertices</GroundedType>
        <CurveWithLine>True</CurveWithLine>
        <Scale x="1" y="1" z="1" />
      </Piece>
    </Pieces>
  </End>
</SObject>