<?xml version="1.0"?>
<Object>
  <RandomLimits>
    <ScaleAllMin>0.8</ScaleAllMin>
    <ScaleAllMax>1.2</ScaleAllMax>
    <Rotation x="5" y="180" z="5" />
    <PlantableDepth>3.046174E-05</PlantableDepth>
  </RandomLimits>
  <Collisions>False</Collisions>
  <LODIn>0</LODIn>
  <LODOut>400</LODOut>
  <SeparationGroup>Grass</SeparationGroup>
  <SeparationMinDistance>1</SeparationMinDistance>
  <PolyLists>
    <PolyList>
      <Material Path="Objects\Grass\YorkshireGrass" />
      <Vertices>
        <Positions><![CDATA[8.966594E-08 0.2817596 0.5 1.416804E-08 0.2817596 -0.5 1.123153E-07 -0.0182404 0.5 3.681741E-08 -0.0182404 -0.5 0.5000001 -0.01291578 -8.256573E-08 -0.4999999 -0.01291578 8.256573E-08 0.5000001 0.2358216 -8.256573E-08 -0.5 0.2358216 8.256573E-08 ]]></Positions>
        <Normals><![CDATA[0 1 0 0 1 0 0 1 0 0 1 0 0 1 0 0 1 0 0 1 0 0 1 0 ]]></Normals>
        <UV0><![CDATA[0.945538 -0.9320384 0.07678497 -0.9320387 0.945538 -0.7536704 0.07678482 -0.7536704 0.07476603 -0.7468901 0.9374387 -0.7468901 0.07476617 -0.9344784 0.9374387 -0.9344781 ]]></UV0>
      </Vertices>
      <FaceIndices IsAntiClockwise="True"><![CDATA[0 1 2 2 1 3 4 5 6 6 5 7 0 2 1 2 3 1 4 6 5 6 7 5 ]]></FaceIndices>
    </PolyList>
  </PolyLists>
  <CutPolys />
</Object>