<?xml version="1.0"?>
<material>
  <Purpose>1</Purpose>
  <DefaultApplicationType>Global</DefaultApplicationType>
  <PerMeterCoverage>12</PerMeterCoverage>
  <SpecularPower>2</SpecularPower>
  <SpecularColor R="120" G="150" B="130" />
  <GameSurface>grass</GameSurface>
  <ShaderType>DiffuseMultiplyAdd</ShaderType>
  <TransparencyType>None</TransparencyType>
  <TransparencyChromaColor R="0" G="255" B="255" />
  <DiffMap>
    <Path>Ground\Grass02.dds</Path>
    <texture_coordinate>
      <Angle>55</Angle>
      <scale x="5" y="5" />
      <offset x="0" y="0" />
    </texture_coordinate>
    <MIPBias>0</MIPBias>
    <ForceGlobalMapping>true</ForceGlobalMapping>
  </DiffMap>
  <AddMap>
    <Path>Ground\Ground_add.dds</Path>
    <texture_coordinate>
      <Angle>40</Angle>
      <scale x="370" y="370" />
      <offset x="0" y="0" />
    </texture_coordinate>
    <MIPBias>0</MIPBias>
    <ForceGlobalMapping>true</ForceGlobalMapping>
  </AddMap>
  <MultiMap>
    <Path>Ground\Ground_multi.dds</Path>
    <texture_coordinate>
      <Angle>28</Angle>
      <scale x="454" y="454" />
      <offset x="0" y="0" />
    </texture_coordinate>
    <MIPBias>0</MIPBias>
    <ForceGlobalMapping>true</ForceGlobalMapping>
  </MultiMap>
</material>