<?xml version="1.0"?>
<CrossSection Name="" Path="Raceday\CrossSections\Wall\Fence\FenceHighBent1" Group="Fence" ForRoad="False" RollStrength="0.2" PanelLength="5">
  <SurfaceShape RoadLeft="0" RoadRight="0" Points="3">
    <Point Selected="True">
      <Position x="0.2616082" y="2.431575" z="0" />
    </Point>
    <Point Selected="False">
      <Position x="0.0007314868" y="2.093635" z="0" />
    </Point>
    <Point Selected="False">
      <Position x="0.02305991" y="-0.09104818" z="0" />
    </Point>
  </SurfaceShape>
  <SurfaceMaterials>
    <SurfaceMaterial MaterialPath="Wall\Fence\Fence001">
      <PerMeterCoverage>2</PerMeterCoverage>
      <ApplicationType>PerMeter</ApplicationType>
      <StartPoint>0</StartPoint>
      <EndPoint>2</EndPoint>
      <texture_coordinate>
        <Angle>0</Angle>
        <scale x="1" y="1" />
        <offset x="0" y="0" />
      </texture_coordinate>
    </SurfaceMaterial>
  </SurfaceMaterials>
</CrossSection>