<?xml version="1.0"?>
<material>
  <ShaderType>DiffuseMultiplyAdd</ShaderType>
  <DefaultApplicationType>Global</DefaultApplicationType>
  <PerMeterCoverage>6</PerMeterCoverage>
  <GameSurface>gravel</GameSurface>
  <Purpose>1</Purpose>
  <rF_SpecularPower>8.2</rF_SpecularPower>
  <rF_SpecularColor R="120" G="150" B="130" />
  <rF_rFactorMaterialName />
  <rF_TransparencyType>None</rF_TransparencyType>
  <rF_TransparencyChromaColor R="0" G="255" B="255" />
  <DiffMap>
    <Path>Ground\Dirt01.dds</Path>
    <texture_coordinate>
      <Angle>17</Angle>
      <scale x="5" y="5" />
      <offset x="0" y="0" />
    </texture_coordinate>
    <MIPBias>0</MIPBias>
    <ForceGlobalMapping>True</ForceGlobalMapping>
  </DiffMap>
  <AddMap>
    <Path>Ground\Ground_add.dds</Path>
    <texture_coordinate>
      <Angle>12</Angle>
      <scale x="163" y="163" />
      <offset x="0" y="0" />
    </texture_coordinate>
    <MIPBias>0</MIPBias>
    <ForceGlobalMapping>True</ForceGlobalMapping>
  </AddMap>
  <MultiMap>
    <Path>Ground\Ground_multi.dds</Path>
    <texture_coordinate>
      <Angle>43</Angle>
      <scale x="196" y="196" />
      <offset x="0" y="0" />
    </texture_coordinate>
    <MIPBias>0</MIPBias>
    <ForceGlobalMapping>True</ForceGlobalMapping>
  </MultiMap>
</material>