<?xml version="1.0"?>
<material>
  <ShaderType>DiffuseMultiplyAdd</ShaderType>
  <DefaultApplicationType>Global</DefaultApplicationType>
  <PerMeterCoverage>12</PerMeterCoverage>
  <GameSurface>grass</GameSurface>
  <Purpose>1</Purpose>
  <rF_SpecularPower>5</rF_SpecularPower>
  <rF_SpecularColor R="120" G="150" B="130" />
  <rF_rFactorMaterialName />
  <rF_TransparencyType>None</rF_TransparencyType>
  <rF_TransparencyChromaColor R="0" G="255" B="255" />
  <AC_Ambient>0.2</AC_Ambient>
  <AC_Diffuse>0.2</AC_Diffuse>
  <AC_Specular>0.1</AC_Specular>
  <AC_SpecularPower>6</AC_SpecularPower>
  <AC_DetailUVMultiplier>4</AC_DetailUVMultiplier>
  <AC_DetailNormalBlend>1</AC_DetailNormalBlend>
  <AC_TransparencyType>Opaque</AC_TransparencyType>
  <DiffMap>
    <Path>Ground\Grass01.dds</Path>
    <texture_coordinate>
      <Angle>78</Angle>
      <scale x="5.2" y="5.2" />
      <offset x="0" y="0" />
    </texture_coordinate>
    <MIPBias>0</MIPBias>
    <ForceGlobalMapping>True</ForceGlobalMapping>
  </DiffMap>
  <AddMap>
    <Path>Ground\Grass02.dds</Path>
    <texture_coordinate>
      <Angle>27</Angle>
      <scale x="6.1" y="6.1" />
      <offset x="0" y="0" />
    </texture_coordinate>
    <MIPBias>0</MIPBias>
    <ForceGlobalMapping>True</ForceGlobalMapping>
  </AddMap>
  <MultiMap>
    <Path>Ground\Ground_multi.dds</Path>
    <texture_coordinate>
      <Angle>67</Angle>
      <scale x="100" y="100" />
      <offset x="0" y="0" />
    </texture_coordinate>
    <MIPBias>0</MIPBias>
    <ForceGlobalMapping>True</ForceGlobalMapping>
  </MultiMap>
</material>