<?xml version="1.0"?>
<XPack>
  <Author>Brendon</Author>
  <Date>15 Oct 2015</Date>
  <Description>The British XPack provides Textures and Materials that represent the lush green hills found around Britain</Description>
  <IsThemePack>True</IsThemePack>
  <DefaultTrackMaterials>
    <Material>Road\Gravel</Material>
    <Material>Road\GravelAC</Material>
    <Material>Road\TarmacDarkSmooth</Material>
    <Material>Road\TarmacDarkCracked</Material>
    <Material>Road\TarmacLightSmooth</Material>
    <Material>Road\TarmacLightCracked</Material>
  </DefaultTrackMaterials>
  <DefaultTerrainMaterials>
    <Material>Ground\Grass1</Material>
    <Material>Ground\Grass2</Material>
    <Material>Ground\Grass3</Material>
    <Material>Ground\Dirt1</Material>
    <Material>Ground\Grass4</Material>
  </DefaultTerrainMaterials>
</XPack>