<?xml version="1.0"?>
<SObject>
  <SObjectType>Wall</SObjectType>
  <Description>A wood railed fence</Description>
  <LODIn>0</LODIn>
  <LODOut>1000</LODOut>
  <Start />
  <Pattern>
    <Pieces>
      <Piece>
        <Object>Wall\Wood\Fence1</Object>
        <GroundedType>Vertices</GroundedType>
        <CurveWithLine>True</CurveWithLine>
        <Scale x="1" y="1" z="1" />
      </Piece>
    </Pieces>
  </Pattern>
  <End>
    <Pieces>
      <Piece>
        <Object>Wall\Wood\Fence1_Pole</Object>
        <GroundedType>Vertices</GroundedType>
        <CurveWithLine>True</CurveWithLine>
        <Scale x="1" y="1" z="1" />
      </Piece>
    </Pieces>
  </End>
</SObject>