<?xml version="1.0"?>
<SObject>
  <SObjectType>Wall - Concrete</SObjectType>
  <LODIn>0</LODIn>
  <LODOut>1000</LODOut>
  <Start />
  <Pattern>
    <Pieces>
      <Piece SpaceBefore="0.05" SpaceAfter="0.2">
        <Object>Wall\Block White</Object>
        <GroundedType>AxisTilted</GroundedType>
        <CurveWithLine>False</CurveWithLine>
        <Scale x="1" y="1" z="1" />
      </Piece>
      <Piece SpaceBefore="0.05" SpaceAfter="0.2">
        <Object>Wall\Block Red</Object>
        <GroundedType>AxisTilted</GroundedType>
        <CurveWithLine>False</CurveWithLine>
        <Scale x="1" y="1" z="1" />
      </Piece>
    </Pieces>
  </Pattern>
  <End />
</SObject>