<?xml version="1.0"?>
<CrossSection Name="" Path="Raceday\CrossSections\Wall\Cement\CementFencedWhite" Group="Cement &amp; Fence" ForRoad="False" RollStrength="0.2" PanelLength="3">
  <SurfaceShape RoadLeft="0" RoadRight="0" Points="6">
    <Point Selected="False">
      <Position x="-0.2036388" y="2.716214" z="0" />
      <Randomness x="0.035" y="0.035" z="0" />
    </Point>
    <Point Selected="True">
      <Position x="-0.1867009" y="1.005161" z="0" />
      <Randomness x="0.01" y="0.01" z="0" />
    </Point>
    <Point Selected="True">
      <Position x="0.124371" y="1.008962" z="0" />
      <Randomness x="0.01" y="0.01" z="0" />
    </Point>
    <Point Selected="True">
      <Position x="0.2152994" y="0.2809259" z="0" />
    </Point>
    <Point Selected="True">
      <Position x="0.4015692" y="-0.04266236" z="0" />
    </Point>
    <Point Selected="True">
      <Position x="-0.2683178" y="-0.04492105" z="0" />
    </Point>
  </SurfaceShape>
  <EndCap>
    <EndCapPolys>
      <Poly MaterialPath="Objects\Walls\Wall01White">
        <texture_coordinate>
          <Angle>0</Angle>
          <scale x="0.9488719" y="0.58" />
          <offset x="-0.5632192" y="-0.02" />
        </texture_coordinate>
        <EndCapPoints>
          <Point ShapePoint="1">
            <UV x="-0.7403744" y="0.3970066" />
          </Point>
          <Point ShapePoint="2">
            <UV x="-0.445207" y="0.394802" />
          </Point>
          <Point ShapePoint="3">
            <UV x="-0.3589276" y="0.817063" />
          </Point>
          <Point ShapePoint="4">
            <UV x="-0.1821815" y="1.004744" />
          </Point>
          <Point ShapePoint="5">
            <UV x="-0.8178184" y="1.006054" />
          </Point>
        </EndCapPoints>
      </Poly>
    </EndCapPolys>
  </EndCap>
  <SurfaceMaterials>
    <SurfaceMaterial MaterialPath="Objects\Walls\Wall01White">
      <PerMeterCoverage>4</PerMeterCoverage>
      <ApplicationType>PerMeter</ApplicationType>
      <StartPoint>0</StartPoint>
      <EndPoint>1</EndPoint>
      <texture_coordinate>
        <Angle>90</Angle>
        <scale x="2.6" y="1" />
        <offset x="0" y="0" />
      </texture_coordinate>
    </SurfaceMaterial>
    <SurfaceMaterial MaterialPath="Objects\Walls\Wall01White">
      <PerMeterCoverage>6</PerMeterCoverage>
      <ApplicationType>PerMeter</ApplicationType>
      <StartPoint>1</StartPoint>
      <EndPoint>2</EndPoint>
      <texture_coordinate>
        <Angle>90</Angle>
        <scale x="4" y="1" />
        <offset x="0" y="0.6" />
      </texture_coordinate>
    </SurfaceMaterial>
    <SurfaceMaterial MaterialPath="Objects\Walls\Wall01White">
      <PerMeterCoverage>6</PerMeterCoverage>
      <ApplicationType>PerMeter</ApplicationType>
      <StartPoint>2</StartPoint>
      <EndPoint>4</EndPoint>
      <texture_coordinate>
        <Angle>90</Angle>
        <scale x="2" y="1" />
        <offset x="0" y="0.6" />
      </texture_coordinate>
    </SurfaceMaterial>
  </SurfaceMaterials>
</CrossSection>