<?xml version="1.0"?>
<CrossSection Name="" Path="Raceday\CrossSections\Wall\Cement\CementFencedRedWhite2" Group="Cement &amp; Fence" ForRoad="False" RollStrength="0.2" PanelLength="3">
  <SurfaceShape RoadLeft="0" RoadRight="0" Points="7">
    <Point Selected="False">
      <Position x="0.1760622" y="3.016648" z="0" />
      <Randomness x="0.035" y="0.035" z="0" />
    </Point>
    <Point Selected="False">
      <Position x="-0.2036388" y="2.716214" z="0" />
      <Randomness x="0.035" y="0.035" z="0" />
    </Point>
    <Point Selected="True">
      <Position x="-0.1867009" y="1.005161" z="0" />
      <Randomness x="0.01" y="0.01" z="0" />
    </Point>
    <Point Selected="True">
      <Position x="0.124371" y="1.008962" z="0" />
      <Randomness x="0.01" y="0.01" z="0" />
    </Point>
    <Point Selected="True">
      <Position x="0.2152994" y="0.2809259" z="0" />
    </Point>
    <Point Selected="True">
      <Position x="0.4015692" y="-0.04266236" z="0" />
    </Point>
    <Point Selected="True">
      <Position x="-0.2683178" y="-0.04492105" z="0" />
    </Point>
  </SurfaceShape>
  <EndCap>
    <EndCapPolys>
      <Poly MaterialPath="Objects\Walls\Barriers">
        <texture_coordinate>
          <Angle>0</Angle>
          <scale x="0.6488719" y="0.6488719" />
          <offset x="0.23" y="0.04262432" />
        </texture_coordinate>
        <EndCapPoints>
          <Point ShapePoint="2">
            <UV x="0.108855" y="0.3904036" />
          </Point>
          <Point ShapePoint="3">
            <UV x="0.3107009" y="0.3879372" />
          </Point>
          <Point ShapePoint="4">
            <UV x="0.3697017" y="0.8603394" />
          </Point>
          <Point ShapePoint="5">
            <UV x="0.490567" y="1.070307" />
          </Point>
          <Point ShapePoint="6">
            <UV x="0.05589613" y="1.071772" />
          </Point>
        </EndCapPoints>
      </Poly>
    </EndCapPolys>
  </EndCap>
  <SurfaceMaterials>
    <SurfaceMaterial MaterialPath="Wall\Fence\Fence001">
      <PerMeterCoverage>4</PerMeterCoverage>
      <ApplicationType>PerMeter</ApplicationType>
      <StartPoint>0</StartPoint>
      <EndPoint>2</EndPoint>
      <texture_coordinate>
        <Angle>0</Angle>
        <scale x="1" y="1" />
        <offset x="0" y="0" />
      </texture_coordinate>
    </SurfaceMaterial>
    <SurfaceMaterial MaterialPath="Objects\Walls\Barriers">
      <PerMeterCoverage>6</PerMeterCoverage>
      <ApplicationType>PerMeter</ApplicationType>
      <StartPoint>2</StartPoint>
      <EndPoint>3</EndPoint>
      <texture_coordinate>
        <Angle>90</Angle>
        <scale x="4" y="1" />
        <offset x="0" y="0.5" />
      </texture_coordinate>
    </SurfaceMaterial>
    <SurfaceMaterial MaterialPath="Objects\Walls\Barriers">
      <PerMeterCoverage>6</PerMeterCoverage>
      <ApplicationType>PerMeter</ApplicationType>
      <StartPoint>3</StartPoint>
      <EndPoint>5</EndPoint>
      <texture_coordinate>
        <Angle>90</Angle>
        <scale x="2" y="1" />
        <offset x="0" y="0.5" />
      </texture_coordinate>
    </SurfaceMaterial>
  </SurfaceMaterials>
</CrossSection>