<?xml version="1.0"?>
<Object>
  <Hierarcy>
    <HierarcyObject ChanceBorn="0.9">
      <BObjectPath>Trees\Alder_branch</BObjectPath>
      <Scale x="1.25" y="1.25" z="1.25" />
      <Rotation x="30" y="30" z="60" />
      <Translation x="0" y="3.7" z="0" />
      <RandomLimits>
        <Rotation x="20" y="50" z="20" />
      </RandomLimits>
    </HierarcyObject>
    <HierarcyObject ChanceBorn="0.8">
      <BObjectPath>Trees\Alder_branch</BObjectPath>
      <Scale x="1.2" y="1.2" z="1.2" />
      <Rotation x="30" y="300" z="60" />
      <Translation x="0" y="4.3" z="0" />
      <RandomLimits>
        <Rotation x="20" y="50" z="20" />
      </RandomLimits>
    </HierarcyObject>
    <HierarcyObject ChanceBorn="0.8">
      <BObjectPath>Trees\Alder_branch</BObjectPath>
      <Scale x="1.2" y="1.2" z="1.2" />
      <Rotation x="0" y="180" z="65" />
      <Translation x="0" y="5" z="0" />
      <RandomLimits>
        <Rotation x="20" y="50" z="20" />
      </RandomLimits>
    </HierarcyObject>
    <HierarcyObject ChanceBorn="0.8">
      <BObjectPath>Trees\Alder_branch</BObjectPath>
      <Scale x="1.15" y="1.15" z="1.15" />
      <Rotation x="0" y="90" z="65" />
      <Translation x="0" y="7" z="0" />
      <RandomLimits>
        <Rotation x="20" y="50" z="20" />
      </RandomLimits>
    </HierarcyObject>
    <HierarcyObject ChanceBorn="0.8">
      <BObjectPath>Trees\Alder_branch_simple</BObjectPath>
      <Scale x="1" y="1" z="1" />
      <Rotation x="0" y="270" z="65" />
      <Translation x="0" y="8" z="0" />
      <RandomLimits>
        <Rotation x="20" y="50" z="20" />
      </RandomLimits>
    </HierarcyObject>
    <HierarcyObject ChanceBorn="0.8">
      <BObjectPath>Trees\Alder_branch_simple</BObjectPath>
      <Scale x="1" y="1" z="1" />
      <Rotation x="0" y="345" z="65" />
      <Translation x="0.185" y="9" z="0.0073" />
      <RandomLimits>
        <Rotation x="20" y="50" z="20" />
      </RandomLimits>
    </HierarcyObject>
    <HierarcyObject ChanceBorn="0.7">
      <BObjectPath>Trees\Alder_branch_simple</BObjectPath>
      <Scale x="0.9" y="0.9" z="0.9" />
      <Rotation x="0" y="245" z="65" />
      <Translation x="0.185" y="10.2" z="0.0073" />
      <RandomLimits>
        <Rotation x="20" y="50" z="20" />
      </RandomLimits>
    </HierarcyObject>
    <HierarcyObject ChanceBorn="0.85">
      <BObjectPath>Trees\Alder_branch_small</BObjectPath>
      <Scale x="1.4" y="1.4" z="1.4" />
      <Rotation x="0" y="35" z="60" />
      <Translation x="0.28" y="11" z="0.03" />
      <RandomLimits>
        <Rotation x="20" y="70" z="20" />
      </RandomLimits>
    </HierarcyObject>
    <HierarcyObject ChanceBorn="0.75">
      <BObjectPath>Trees\Alder_branch_small</BObjectPath>
      <Scale x="1.3" y="1.3" z="1.3" />
      <Rotation x="0" y="150" z="65" />
      <Translation x="0.3587" y="12" z="0.0758" />
      <RandomLimits>
        <ScaleAllMax>1.5</ScaleAllMax>
        <Rotation x="20" y="70" z="20" />
      </RandomLimits>
    </HierarcyObject>
    <HierarcyObject ChanceBorn="0.9">
      <BObjectPath>Trees\Alder_branch_small</BObjectPath>
      <Scale x="1.2" y="1.2" z="1.2" />
      <Rotation x="0" y="255" z="65" />
      <Translation x="0.5087" y="14.3" z="0.1047" />
      <RandomLimits>
        <ScaleAllMax>1.4</ScaleAllMax>
        <Rotation x="20" y="20" z="20" />
      </RandomLimits>
    </HierarcyObject>
    <HierarcyObject ChanceBorn="0.8">
      <BObjectPath>Trees\Alder_leaves1</BObjectPath>
      <Scale x="0.95" y="0.95" z="0.95" />
      <Rotation x="0" y="45" z="50" />
      <Translation x="0.5755" y="15" z="-0.0722" />
      <RandomLimits>
        <ScaleAllMax>1.3</ScaleAllMax>
        <Rotation x="20" y="20" z="20" />
      </RandomLimits>
    </HierarcyObject>
    <HierarcyObject ChanceBorn="0.8">
      <BObjectPath>Trees\Alder_leaves1</BObjectPath>
      <Scale x="0.95" y="0.95" z="0.95" />
      <Rotation x="0" y="230" z="50" />
      <Translation x="0.5755" y="15.7" z="-0.0722" />
      <RandomLimits>
        <ScaleAllMax>1.3</ScaleAllMax>
        <Rotation x="20" y="20" z="20" />
      </RandomLimits>
    </HierarcyObject>
    <HierarcyObject ChanceBorn="0.9">
      <BObjectPath>Trees\Alder_branch_small</BObjectPath>
      <Scale x="0.95" y="0.95" z="0.95" />
      <Rotation x="0" y="55" z="55" />
      <Translation x="0.5405" y="16" z="0.0037" />
      <RandomLimits>
        <Rotation x="20" y="20" z="20" />
      </RandomLimits>
    </HierarcyObject>
    <HierarcyObject ChanceBorn="0.9">
      <BObjectPath>Trees\Alder_leaves1</BObjectPath>
      <Scale x="0.7" y="0.7" z="0.7" />
      <Rotation x="0" y="290" z="50" />
      <Translation x="0.5755" y="17.4346" z="-0.0722" />
      <RandomLimits>
        <ScaleAllMax>1.3</ScaleAllMax>
        <Rotation x="20" y="20" z="20" />
      </RandomLimits>
    </HierarcyObject>
    <HierarcyObject ChanceBorn="0.9">
      <BObjectPath>Trees\Alder_leaves1</BObjectPath>
      <Scale x="0.7" y="0.7" z="0.7" />
      <Rotation x="0" y="310" z="50" />
      <Translation x="0.5755" y="17.6" z="-0.0722" />
      <RandomLimits>
        <ScaleAllMax>1.3</ScaleAllMax>
        <Rotation x="20" y="20" z="20" />
      </RandomLimits>
    </HierarcyObject>
    <HierarcyObject ChanceBorn="0.9">
      <BObjectPath>Trees\Alder_leaves1</BObjectPath>
      <Scale x="0.7" y="0.7" z="0.7" />
      <Rotation x="0" y="70" z="40" />
      <Translation x="0.596" y="18" z="-0.1298" />
      <RandomLimits>
        <Rotation x="20" y="120" z="20" />
      </RandomLimits>
    </HierarcyObject>
    <HierarcyObject ChanceBorn="0.9">
      <BObjectPath>Trees\Alder_leaves1</BObjectPath>
      <Scale x="0.7" y="0.7" z="0.7" />
      <Rotation x="0" y="290" z="40" />
      <Translation x="0.596" y="18.4564" z="-0.1298" />
      <RandomLimits>
        <Rotation x="20" y="120" z="20" />
      </RandomLimits>
    </HierarcyObject>
  </Hierarcy>
  <LODIn>0</LODIn>
  <LODOut>1000</LODOut>
  <PolyLists>
    <PolyList>
      <Material Path="Objects\Trees\Alder_trunk" />
      <Vertices>
        <Positions><![CDATA[0.2231238 1.011376 0.3161102 0 -0.09231772 0.5983701 7.450582E-10 1.011376 0.4750002 0.2938926 -0.09231769 0.4045085 0.4517518 1.011376 0.1467832 0.5788727 -0.09231765 0.196728 0.3593355 1.011376 -0.08602402 0.5784256 -0.0923176 -0.1545085 0.2791979 1.011376 -0.3842829 0.2938926 -0.09231754 -0.5139695 -4.371139E-08 -0.09231757 -0.3080299 -4.078076E-08 1.011376 -0.3773379 -0.2791981 1.011376 -0.3842829 -0.2938927 -0.09231755 -0.4045085 -0.4755282 -0.0923176 -0.1545086 -0.4816523 1.011376 -0.1467829 -0.5089263 1.011376 0.1467833 -0.4755282 -0.0923176 -0.1545086 -0.4816523 1.011376 -0.1467829 -0.6175553 -0.09231764 0.1545085 0.05534515 2.440747 0.4512504 -0.2281126 2.343593 0.3608829 -0.2141301 1.011376 0.3323812 -0.3419904 -0.09231771 0.5288005 0.02038519 3.56886 0.5161236 -0.2192313 3.56886 0.3442435 -0.3898032 2.343593 0.1409342 -0.3353509 2.36743 -0.1390854 -0.3353509 2.36743 -0.1390854 -0.2274442 2.31875 -0.3619017 0.04314365 2.361438 -0.408286 0.3564825 2.355349 -0.3653209 0.4713331 2.367386 -0.1456165 0.5249153 2.361438 0.1394443 0.3083818 2.361438 0.3650693 0.04229739 6.259096 0.327463 -0.1969087 6.250386 0.2950701 -0.4904045 3.56886 0.2023931 -0.3812201 3.48345 -0.09970865 -0.3812201 3.48345 -0.09970865 -0.2676574 3.611565 -0.3635877 0.02038515 3.56886 -0.3959244 0.2723613 3.497119 -0.3140524 0.3947581 3.56886 -0.07511695 0.4700994 3.594064 0.1652348 0.2723613 3.601598 0.4153311 -0.3732726 6.208333 0.1162759 -0.3606087 6.209723 -0.1483501 -0.3606087 6.209723 -0.1483501 -0.1851864 6.196464 -0.3702122 0.06181999 6.216353 -0.4126039 0.2669359 6.234032 -0.3136915 0.4048442 6.221792 -0.1429263 0.4171138 6.234032 0.09893721 0.2142856 6.261375 0.2227255 0.1491663 10.03137 0.2357209 -0.02209371 10.03137 1.645494E-06 0.1491663 10.03137 -0.2357175 0.1491663 10.03137 -0.2357175 0.459939 13.80617 -0.01321448 -0.02209371 10.03137 1.645494E-06 0.3520452 13.80617 0.1352886 0.4262708 10.03137 -0.1456808 0.6345149 13.80617 0.04350863 0.4262708 10.03137 0.1456841 0.4262708 10.03137 -0.1456808 0.1491663 10.03137 -0.2357175 -0.1851864 6.196464 -0.3702122 0.4262708 10.03137 0.1456841 0.6345149 13.80617 0.2270685 0.4599391 13.80617 0.2837917 0.1491663 10.03137 0.2357209 0.6855389 18.29887 -0.0651738 0.5807934 18.29887 -0.03113991 0.5807934 18.29887 -0.2093436 0.6855389 18.29887 -0.1753097 0.5160571 18.29887 -0.1202418 0.7203203 20.40628 3.340251E-06 ]]></Positions>
        <Normals><![CDATA[0.5692007 0.02990801 0.8216193 0.1109653 0.1417583 0.9836421 0.0631428 0.06515685 0.9958495 0.5749382 0.09994798 0.8120365 0.9417402 0.04144408 0.3337504 0.9152196 0.1504867 0.3737602 0.9471419 0.03677486 -0.3186132 0.9353008 0.1468246 -0.3219092 0.4802698 0.02807717 -0.8766442 0.3400983 0.1040988 -0.9345988 -0.08697775 1.622992E-07 -0.9961852 -0.04696799 -0.001861466 -0.9988708 -0.4317148 0.01577822 -0.9018525 -0.3566698 -0.007019105 -0.9341716 -0.8903775 0.02819918 -0.4542985 -0.912717 0.05648983 -0.4046144 -0.9497665 0.08816792 0.3002106 -0.8903775 0.02819918 -0.4542985 -0.912717 0.05648983 -0.4046144 -0.9616687 0.1069368 0.2524491 -0.01672414 -0.02536104 0.9995117 -0.5472884 -0.007812874 0.8368785 -0.5434736 0.08099599 0.8354747 -0.5341654 0.1499678 0.8319346 -0.02182074 0.01211569 0.9996643 -0.5194861 0.004699711 0.8544267 -0.9466231 0.01077298 0.3220924 -0.9360637 0.01828065 -0.3513291 -0.9360637 0.01828065 -0.3513291 -0.5363018 0.01486265 -0.8438673 0.01821955 0.00762979 -0.9997864 0.611713 0.01004072 -0.7909787 0.9412824 0.002655165 -0.3375958 0.9683218 -0.01562552 0.2491836 0.5735344 -0.0273142 0.8186895 0.08157597 0.03848368 0.9959105 -0.5027619 0.05215599 0.8628193 -0.9421369 -0.005340794 0.3351237 -0.937376 -0.01647994 -0.34785 -0.937376 -0.01647994 -0.34785 -0.5758843 -0.001464755 -0.8174993 0.08362071 0.006042827 -0.9964598 0.6158635 0.03537108 -0.7870113 0.9313334 0.03317368 -0.3625599 0.9591052 0.03344824 0.2810144 0.5629444 0.02453675 0.8261055 -0.9385968 0.06326482 0.3390606 -0.9329509 0.05514701 -0.3556932 -0.9329509 0.05514701 -0.3556932 -0.5392621 0.04007094 -0.8411817 0.10712 0.01925734 -0.9940489 0.6090884 0.004150646 -0.7930845 0.9345378 -0.003295941 -0.3558153 0.9200415 0.01199371 0.3916135 0.5092929 0.02630682 0.8601642 -0.2749107 0.03497405 0.9608142 -0.9943541 0.1057466 0.004486238 -0.2898343 0.07879895 -0.953795 -0.2898343 0.07879895 -0.953795 -0.3046968 0.0241403 -0.9521164 -0.9943541 0.1057466 0.004486238 -0.997467 0.06869716 0.01733452 0.8092288 0.001159799 -0.5874813 0.8200934 -0.02734449 -0.5715201 0.8239082 -0.02877905 0.5659353 0.8092288 0.001159799 -0.5874813 -0.2898343 0.07879895 -0.953795 -0.5392621 0.04007094 -0.8411817 0.8239082 -0.02877905 0.5659353 0.8040407 -0.01327565 0.5943785 -0.294412 0.04226798 0.9547105 -0.2749107 0.03497405 0.9608142 0.8172551 -0.001861723 0.5762505 -0.3197424 0.0419628 0.9465621 -0.3071077 0.03939955 -0.9508347 0.7970519 -0.0002440497 -0.6039003 -0.9976196 0.06567583 -0.02087465 0.05258339 0.9969786 0.05713081 ]]></Normals>
        <UV0><![CDATA[0.606626 -0.1358777 0.6957777 -0.000703346 0.70407 -0.1355931 0.5979018 -0.0006028174 0.5048438 -0.136175 0.5021199 -0.000504503 0.4177844 -0.1364293 0.4104274 -0.0004103913 0.3056175 -0.136757 0.2873131 -0.0002840003 0.2063988 -0.0002009394 0.2060043 -0.137048 0.1063912 -0.137339 0.1085232 -0.0001005286 0.01064747 0 0.00386861 -0.1376384 0.9085858 -0.1349957 0.9894047 -0.001004755 1 -0.1347286 0.9022772 -0.0009153215 0.6636764 -0.291965 0.7637089 -0.27014 0.7948036 -0.1353281 0.7852031 -0.0007951539 0.6982868 -0.39287 0.7925561 -0.3938762 0.8666111 -0.2712385 0.9836485 -0.2781047 0.00429216 -0.26765 0.09696099 -0.2571682 0.2038378 -0.2683683 0.3075097 -0.2680403 0.3859811 -0.2717142 0.4727391 -0.2712388 0.5677758 -0.2722531 0.5923427 -0.6179193 0.6911684 -0.6171489 0.8877201 -0.3948921 0.9823065 -0.3758345 0.005785137 -0.36541 0.1205388 -0.3967363 0.2241566 -0.3878085 0.3221515 -0.3719989 0.4310672 -0.3900173 0.5145954 -0.3968309 0.6165161 -0.3996889 0.7828357 -0.6093156 0.8788773 -0.6106321 0.007966071 -0.601335 0.106475 -0.5996085 0.1926266 -0.6046954 0.270847 -0.6092352 0.3430395 -0.6074411 0.4231294 -0.6108609 0.5041034 -0.6174548 0.3623514 -0.9897606 0.6482863 -0.9928129 0.09272395 -0.9868827 0.5875722 -0.990881 0.5125588 -0.6336778 0.5081031 -0.990881 0.4624937 -0.6336778 0.5572178 -0.990881 0.4934355 -0.6336778 0.2716429 -0.9887925 0.1834323 -0.9878508 0.9342325 -0.9958655 0.9773864 -0.6089057 0.4589883 -0.990881 0.4315512 -0.6336778 0.4124277 -0.6336778 0.428634 -0.990881 0.5300767 -0.20854 0.5186024 -0.20854 0.5786811 -0.20854 0.5672072 -0.20854 0.5486418 -0.20854 0.5081031 -0.009119272 ]]></UV0>
      </Vertices>
      <FaceIndices IsAntiClockwise="True"><![CDATA[0 1 2 1 0 3 4 3 0 3 4 5 6 5 4 5 6 7 8 7 6 7 8 9 8 10 9 10 8 11 12 10 11 10 12 13 12 14 13 14 12 15 16 17 18 17 16 19 20 2 21 21 2 22 1 22 2 22 1 23 23 16 22 16 23 19 24 20 25 25 20 21 21 22 26 22 16 26 26 18 27 18 26 16 28 15 29 29 15 12 29 11 30 11 29 12 30 8 31 8 30 11 31 6 32 6 31 8 32 6 33 33 6 4 33 4 34 4 0 34 34 2 20 2 34 0 35 24 36 36 24 25 25 26 37 26 25 21 37 26 38 38 26 27 39 29 40 29 39 28 40 29 41 41 29 30 41 30 42 30 31 42 42 32 43 32 42 31 43 33 44 33 43 32 44 34 45 34 44 33 45 20 24 20 45 34 36 25 46 25 37 46 46 37 47 47 37 38 48 40 49 40 48 39 49 40 50 50 40 41 50 41 51 51 41 42 51 43 52 43 51 42 52 44 53 44 52 43 53 45 54 45 53 44 54 45 35 35 45 24 55 36 56 56 36 46 46 47 56 49 50 57 58 59 60 61 60 59 59 62 63 62 59 58 53 54 64 65 53 64 53 65 52 56 47 66 47 67 66 35 36 55 64 54 55 54 35 55 57 51 65 51 57 50 51 52 65 63 68 69 68 63 62 70 71 61 71 60 61 71 70 68 69 68 70 72 69 73 69 70 73 74 63 75 63 74 59 76 59 74 59 76 61 73 61 76 61 73 70 69 72 63 75 63 72 72 73 77 74 75 77 76 74 77 73 76 77 75 72 77 ]]></FaceIndices>
    </PolyList>
  </PolyLists>
  <CutPolys />
</Object>