<?xml version="1.0"?>
<Object>
  <Description>Alder 3d tree</Description>
  <IsComplexObject>True</IsComplexObject>
  <Hierarcy>
    <HierarcyObject>
      <BObjectPath>Trees\Alder_trunk</BObjectPath>
      <Scale x="1.3" y="1.3" z="1.3" />
      <Rotation x="0" y="0" z="0" />
      <Translation x="0" y="0" z="0" />
      <RandomLimits>
        <Rotation x="5" y="180" z="5" />
      </RandomLimits>
    </HierarcyObject>
    <HierarcyObject>
      <BObjectPath>Trees\Alder_LOD</BObjectPath>
      <Scale x="1" y="1" z="1" />
      <Rotation x="0" y="0" z="0" />
      <Translation x="0" y="0" z="0" />
    </HierarcyObject>
  </Hierarcy>
  <RandomLimits>
    <ScaleAllMin>0.8</ScaleAllMin>
    <ScaleAllMax>1.3</ScaleAllMax>
    <PlantableDepth>0.003490659</PlantableDepth>
  </RandomLimits>
  <Collisions>False</Collisions>
  <UseRBRCollisionColumn>True</UseRBRCollisionColumn>
  <RBRCollisionColumn x="0.75" y="10" z="0.75" />
  <LODIn>0</LODIn>
  <LODOut>2000</LODOut>
  <SeparationGroup>Tree</SeparationGroup>
  <SeparationMinDistance>30</SeparationMinDistance>
  <PolyLists />
  <CutPolys />
</Object>