<?xml version="1.0"?>
<SObject>
  <SObjectType>Tyre</SObjectType>
  <LODIn>0</LODIn>
  <LODOut>1000</LODOut>
  <Start />
  <Pattern>
    <Pieces>
      <Piece SpaceAfter="0.02">
        <Object>Tyre\TyreWhite</Object>
        <CurveWithLine>False</CurveWithLine>
        <Scale x="1" y="1" z="1" />
        <RandomLimits>
          <ScaleYMax>1.05</ScaleYMax>
          <Rotation x="2" y="180" z="2" />
          <Jiggle x="0.02" y="0" z="0.02" />
        </RandomLimits>
      </Piece>
    </Pieces>
  </Pattern>
  <End />
</SObject>