<?xml version="1.0"?>
<CrossSection Name="" Path="Raceday\CrossSections\Road\TarmacLightRoughAC" ForRoad="True" RollStrength="0.1" PanelLength="1">
  <SurfaceShape RoadLeft="2" RoadRight="18" Points="21">
    <Point Selected="False" Grounded="0.75">
      <Position x="-11.5" y="0" z="0" />
    </Point>
    <Point Selected="False" Grounded="0.35">
      <Position x="-9.75" y="0" z="0" />
    </Point>
    <Point Selected="False">
      <Position x="-8" y="0.02" z="0" />
      <Randomness x="0" y="0.01" z="0" />
    </Point>
    <Point Selected="False">
      <Position x="-7" y="0.02" z="0" />
      <Randomness x="0" y="0.01" z="0" />
    </Point>
    <Point Selected="False">
      <Position x="-6" y="0.04" z="0" />
      <Randomness x="0" y="0.01" z="0" />
    </Point>
    <Point Selected="False">
      <Position x="-5" y="0.06" z="0" />
      <Randomness x="0" y="0.03" z="0" />
    </Point>
    <Point Selected="False">
      <Position x="-4" y="0.1" z="0" />
      <Randomness x="0" y="0.01" z="0" />
    </Point>
    <Point Selected="False">
      <Position x="-3" y="0.14" z="0" />
      <Randomness x="0" y="0.01" z="0" />
    </Point>
    <Point Selected="False">
      <Position x="-2" y="0.16" z="0" />
      <Randomness x="0" y="0.01" z="0" />
    </Point>
    <Point Selected="False">
      <Position x="-1" y="0.1644623" z="0" />
      <Randomness x="0" y="0.01" z="0" />
    </Point>
    <Point Selected="False">
      <Position x="0" y="0.18" z="0" />
      <Randomness x="0" y="0.01" z="0" />
    </Point>
    <Point Selected="False">
      <Position x="1" y="0.17" z="0" />
      <Randomness x="0" y="0.01" z="0" />
    </Point>
    <Point Selected="False">
      <Position x="2" y="0.16" z="0" />
      <Randomness x="0" y="0.01" z="0" />
    </Point>
    <Point Selected="False">
      <Position x="3" y="0.14" z="0" />
      <Randomness x="0" y="0.01" z="0" />
    </Point>
    <Point Selected="False">
      <Position x="4" y="0.1" z="0" />
      <Randomness x="0" y="0.01" z="0" />
    </Point>
    <Point Selected="False">
      <Position x="5" y="0.06" z="0" />
      <Randomness x="0" y="0.01" z="0" />
    </Point>
    <Point Selected="True">
      <Position x="6" y="0.04" z="0" />
      <Randomness x="0" y="0.01" z="0" />
    </Point>
    <Point Selected="False">
      <Position x="7" y="0.02" z="0" />
      <Randomness x="0" y="0.01" z="0" />
    </Point>
    <Point Selected="False">
      <Position x="8" y="0.02" z="0" />
      <Randomness x="0" y="0.01" z="0" />
    </Point>
    <Point Selected="False" Grounded="0.35">
      <Position x="9.75" y="0" z="0" />
      <Randomness x="0" y="0.01" z="0" />
    </Point>
    <Point Selected="False" Grounded="0.75">
      <Position x="11.5" y="0" z="0" />
      <Randomness x="0" y="0.01" z="0" />
    </Point>
  </SurfaceShape>
  <SurfaceMaterials>
    <SurfaceMaterial UseTerrainAsMaterial="True">
      <StartPoint>0</StartPoint>
      <EndPoint>2</EndPoint>
      <texture_coordinate>
        <Angle>0</Angle>
        <scale x="1" y="1" />
        <offset x="0" y="0" />
      </texture_coordinate>
    </SurfaceMaterial>
    <SurfaceMaterial MaterialPath="Road\TarmacLightAC">
      <PerMeterCoverage>35</PerMeterCoverage>
      <ApplicationType>PerMeter</ApplicationType>
      <StartPoint>2</StartPoint>
      <EndPoint>18</EndPoint>
      <texture_coordinate>
        <Angle>0</Angle>
        <scale x="1" y="1" />
        <offset x="0" y="0" />
      </texture_coordinate>
    </SurfaceMaterial>
    <SurfaceMaterial UseTerrainAsMaterial="True">
      <StartPoint>18</StartPoint>
      <EndPoint>20</EndPoint>
      <texture_coordinate>
        <Angle>0</Angle>
        <scale x="1" y="1" />
        <offset x="0" y="0" />
      </texture_coordinate>
    </SurfaceMaterial>
  </SurfaceMaterials>
</CrossSection>