<?xml version="1.0"?>
<SObject>
  <SObjectType>Grass</SObjectType>
  <LODIn>0</LODIn>
  <LODOut>1000</LODOut>
  <Start />
  <Pattern>
    <Pieces>
      <Piece SpaceBefore="-0.10">
        <Object>Grass\SmallX</Object>
        <GroundedType>Vertices</GroundedType>
        <CurveWithLine>False</CurveWithLine>
        <Scale x="1" y="1" z="1" />
        <RandomLimits>
          <ScaleAllMin>0.7</ScaleAllMin>
          <ScaleAllMax>1.3</ScaleAllMax>
          <ScaleYMax>1.3</ScaleYMax>
          <Rotation x="3" y="180" z="3" />
        </RandomLimits>
      </Piece>
    </Pieces>
  </Pattern>
  <End />
</SObject>